_uuid,today,general_info/q6_organization,general_info/q3_province,general_info/q4_district,s1_full_market_survey/q1_3_market_size,s1_full_market_survey/q1_4_market_appearance,s1_full_market_survey/q1_10_current_price_wheat_flour,s1_full_market_survey/q1_10_1_current_price_rice,s1_full_market_survey/q1_10_2_current_price_oil,s1_full_market_survey/q1_10_3_current_price_diesel,s1_full_market_survey/q1_17_1_room_cost_min,s1_full_market_survey/q1_17_2_room_cost_max
88afb983-5181-4ed6-a566-9353dae987d4,2017-08-13,NRC,Kandahar,Kandahar,large,well_function_busy,29,79,65,50,2000,6000
c230c28e-6a69-4b31-8195-748f72900470,2017-08-13,NRC,Kandahar,Kandahar,large,well_function_busy,28,80,65,55,1000,1500
21b562f4-8381-4250-8759-ab7ac1d30f3f,2017-08-13,NRC,Kandahar,Kandahar,large,well_function_busy,29,79,70,55,1000,1500
438004cc-aa2c-499d-8258-77e2dc58ab08,2017-08-21,ACF,Hilmand,Lashkargah,large,well_function_busy,27,82,62,50,2000,8000
520894d9-ef74-401f-82c9-d2b760e41bcc,2017-08-21,ACF,Hilmand,Lashkargah,large,well_function_busy,29,75,63,50,1500,9000
6c7f6244-2c83-4478-8fa6-4ddd72f1149d,2017-08-21,ACF,Hilmand,Lashkargah,large,well_function_busy,29,78,63,50,2500,10000
6a505999-87de-49e1-b9d1-2bc6ae3775ea,2017-08-28,ACF,Hilmand,Lashkargah,large,well_function_busy,28,85,75,50,1500,8000
9f40ed60-2db0-4481-b2f0-b0fcc34a049d,2017-08-28,ACF,Hilmand,Lashkargah,large,well_function_busy,27,86,73,50,1500,7000
c9f7a892-c4d2-4957-8c8e-7cf92a5cd28f,2017-08-28,ACF,Hilmand,Lashkargah,large,well_function_busy,26,85,75,50,2000,7000
bc695867-2455-4a3a-bc00-bbc07478394f,2017-08-28,ACTED,Faryab,Maymana,large,well_function_busy,25,83,75,50,3000,6000
c816de1f-d68a-43c0-87b7-bfcfdf3f0c3e,2017-08-28,ACTED,Faryab,Maymana,large,moderate_function,24,87,80,50,3500,5000
eca9853c-e6ca-45ce-8bc8-552770b34338,2017-08-28,ACTED,Faryab,Maymana,large,well_function_busy,25,83,72,50,3000,6000
de426a6e-6a72-47de-bf25-202b90517c70,2017-08-30,NRC,Kandahar,Kandahar,large,well_function_busy,27,79,66,53,800,1000
b5a1ad52-b862-477e-8cdf-d22a60446d59,2017-08-30,NRC,Kandahar,Kandahar,large,well_function_busy,28,80,67,50,700,1000
fc7a717e-1dbf-4f7c-b545-36a8520ea931,2017-08-30,NRC,Kandahar,Kandahar,large,well_function_busy,27,80,65,52,900,1200
4e470412-2f24-4034-8d6b-70c887eb7644,2017-09-10,PIN,Jawzjan,Shiberghan,medium,moderate_function,25,70,80,50,3000,4500
35871c90-a199-464d-bce4-d9f55fc25bc5,2017-09-10,PIN,Jawzjan,Shiberghan,large,well_function_busy,25,75,80,53,3000,4500
7605d0e6-55fe-44d0-8cb1-531cddf8225a,2017-09-10,PIN,Jawzjan,Shiberghan,large,well_function_busy,25,52,80,53,2000,4000
41bb8012-9f75-4ee5-ae86-fd29cfb885f8,2017-09-12,NRC,Kandahar,Zheray,medium,moderate_function,20,90,65,51,700,1000
4c72b813-47e0-4c66-9eac-67f880799422,2017-09-13,ACTED,Kunduz,Dasht_e_Archi,large,well_function_busy,24,75,112,50,500,700
0580c6bf-2be2-4de0-a150-5d419399286b,2017-09-13,ACTED,Kunduz,Dasht_e_Archi,large,well_function_busy,26,80,120,51,350,500
d022cb6a-d075-4290-991c-05b76c919050,2017-09-13,ACTED,Kunduz,Dasht_e_Archi,large,well_function_busy,25,76,115,51,380,480
d6877800-30ec-4e1b-a059-54cb0ece6a46,2017-09-13,NRC,Sar_e_Pul,Sar_e_Pul,medium,well_function_busy,26,75,80,50,1000,2500
3e674981-d0e7-43da-ae22-70aab0cce226,2017-09-13,NRC,Sar_e_Pul,Sar_e_Pul,medium,well_function_busy,30,82,85,50,1500,2500
ff656a71-98d7-432d-a9a1-c26ecfadac6f,2017-09-13,NRC,Sar_e_Pul,Sar_e_Pul,medium,well_function_busy,27,75,80,50,1000,3000
0238ccf2-a41e-4603-897d-eaeb3755628b,2017-09-14,ACTED,Kunduz,Aliabad,large,well_function_busy,25,90,120,50,600,700
c55aa8bd-8011-47fa-b401-ab65ee46ef3e,2017-09-14,ACTED,Kunduz,Aliabad,large,well_function_busy,26,95,75,50,500,550
991f8580-151c-4aa1-89e4-e27d8397eec4,2017-09-14,ACTED,Kunduz,Aliabad,large,well_function_busy,27,92,78,50,600,650
40dbabe3-d523-4829-a2c8-fb69f8064870,2017-09-14,PIN,Balkh,Mazar_e_Sharif,large,well_function_busy,25,85,75,57,1500,5000
032b8e02-1a02-453e-bff5-e8d898372ad1,2017-09-14,PIN,Balkh,Mazar_e_Sharif,large,well_function_busy,24,90,77,58,2000,6000
5896169f-417f-4246-af9a-4790a8af7636,2017-09-14,PIN,Balkh,Mazar_e_Sharif,large,well_function_busy,25,88,75,58,2000,5000
77ae58e1-5c2c-4e86-bb80-704914677b29,2017-09-15,ACTED,Faryab,Maymana,large,moderate_function,26,90,70,50,2500,4000
80f12bcc-dd7c-4c01-9f48-4a0f8ca311a6,2017-09-17,ACF,Hilmand,Lashkargah,large,well_function_busy,27,80,67,50,1500,5000
ab421f88-92dc-4330-83c9-f5c360e1105f,2017-09-17,ACF,Hilmand,Lashkargah,large,well_function_busy,27,85,70,50,2000,6000
99d0e08b-af2d-40f3-89a1-3cd5e53b86d7,2017-09-17,ACF,Hilmand,Lashkargah,large,well_function_busy,28,83,70,50,2000,6000
be8c89d9-ee75-4a57-8c05-1f5a0662c0af,2017-09-17,NRC,Kandahar,Zheray,medium,moderate_function,20,90,65,51,,
28073597-2feb-435d-a761-62b2187218da,2017-09-17,NRC,Kandahar,Zheray,medium,moderate_function,21,89,65,52,,
e9dcea94-7189-475d-86b3-05bb85a5b66d,2017-09-19,ACF,Nimroz,Zaranj,large,well_function_busy,29,100,80,50,2000,10000
89985fd5-88bc-4569-8b22-5ee1a35a366e,2017-09-19,ACF,Nimroz,Zaranj,large,well_function_busy,28,85,75,50,1500,8000
d7648f37-ef52-499f-b4f1-231efa4b9beb,2017-09-19,ACF,Nimroz,Zaranj,large,well_function_busy,28,82,78,50,1500,9000
85285e30-8f90-4aeb-91e9-812bf76698d3,2017-09-19,ACF,Nimroz,Zaranj,large,well_function_busy,29,90,75,50,2000,10000
d067a3b0-ff3f-44f3-8439-211baac0dc94,2017-09-19,ACF,Nimroz,Zaranj,large,well_function_busy,28,83,75,50,2500,13000
bc686316-474d-43f4-ab76-b21f9f2493e1,2017-09-19,ACF,Nimroz,Zaranj,large,well_function_busy,26,82,80,50,2000,12000
6863e14b-ea3b-4fb8-9cde-eef49da7a521,2017-09-22,ACTED,Takhar,Taloqan,large,well_function_busy,35,95,80,50,4000,3000
7bbd3bb6-95e6-4ac9-8432-7c44974ab808,2017-09-22,ACTED,Takhar,Taloqan,large,well_function_busy,30,100,85,50,4000,3000
3a3102a3-3380-459a-9b47-2f4bebe17193,2017-09-22,ACTED,Takhar,Taloqan,large,well_function_busy,25,80,100,50,3500,2000
af15a40d-fb81-4495-a0d2-2abfa67b3d70,2017-09-26,PIN,Paktya,Gardez,large,well_function_busy,27,81,75,50,4000,12000
ac6af831-c989-4295-9cd5-3df4b72401e0,2017-09-26,PIN,Paktya,Gardez,large,well_function_busy,26,86,74,50,4000,12000
aedacb19-8d69-4168-abbe-2f070ff34c2e,2017-09-26,PIN,Paktya,Gardez,large,well_function_busy,25,82,72,50,4000,12000
a22db269-8108-4b04-a1cb-00491119e045,2017-09-26,ACF,Hilmand,Lashkargah,large,well_function_busy,27,80,64,50,2000,8000
72ba2926-b8ef-4889-920b-3959a2ff4dfd,2017-09-26,ACF,Hilmand,Lashkargah,large,well_function_busy,27,82,75,50,2000,7000
2a1161e2-4d1c-48ea-8104-6873cd20d3f7,2017-09-26,ACF,Hilmand,Lashkargah,large,well_function_busy,28,85,75,50,2000,6000
f3b11b85-fac5-4057-9c8c-6bbd476dfe10,2017-09-27,PIN,Jawzjan,Shiberghan,large,well_function_busy,26,85,75,60,1000,3000
76300e80-2278-4a38-b128-9929d266b53f,2017-09-27,PIN,Jawzjan,Shiberghan,large,well_function_busy,25,88,75,60,1200,4000
9a9af569-3a2d-4444-912e-b64f755dfdf7,2017-09-27,ACF,Daykundi,Nili,large,well_function_busy,28,70,85,48,2000,7000
23ebc5e2-5b0c-4785-9c00-fa90d4203450,2017-09-27,ACF,Daykundi,Nili,large,well_function_busy,29,70,85,49,2000,8000
29533d94-0118-4bfd-b2c3-92eae9e4d85c,2017-09-27,ACF,Daykundi,Nili,large,well_function_busy,30,80,85,45,3000,7000
5f09689d-72e4-4309-a7aa-d3f85e65a2a3,2017-09-28,PIN,Jawzjan,Shiberghan,large,well_function_busy,26,85,77,60,1000,3500
4632f3c6-6e38-4071-b84c-4964b48d2481,2017-09-28,PIN,Jawzjan,Shiberghan,large,well_function_busy,25,85,75,60,1000,4000
d3777b71-89de-435c-b0cc-28f2d0d6cca2,2017-09-28,PIN,Jawzjan,Shiberghan,large,well_function_busy,25,88,75,60,1500,5000
672c5435-f5d1-4867-b5cb-3776e5d1e44a,2017-10-04,NRC,Kandahar,Kandahar,large,well_function_busy,22,85,66,50,1500,2000
7f23ed2a-7287-4e23-bd54-5658dcdb413d,2017-10-04,NRC,Kandahar,Kandahar,large,well_function_busy,23,84,68,51,2000,2500
511ed522-e315-41d4-9fb6-a7b9a479d1bd,2017-10-04,NRC,Kandahar,Kandahar,large,well_function_busy,22,87,66,50,1500,2000
6d0bc620-69e2-4550-9c39-c0030027053d,2017-10-04,ACTED,Badakhshan,Keshm,large,well_function_busy,27,84,87,50,1500,1800
fd092956-4ae1-48fd-bc40-16bd5e736088,2017-10-04,ACTED,Badakhshan,Keshm,large,well_function_busy,28,80,86,51,1300,1700
4c6071e8-9a35-479f-be9b-d6018070af67,2017-10-04,ACTED,Badakhshan,Keshm,large,well_function_busy,30,80,90,50,1300,1800
4c0a6ae9-9b7f-4b51-a174-dac2dff69bb1,2017-10-05,ACTED,Kunduz,Aliabad,large,well_function_busy,24,85,70,50,500,600
cb140915-5274-4110-971f-ea13bee31c46,2017-10-05,ACTED,Kunduz,Aliabad,large,well_function_busy,25,90,75,51,550,650
2eaa7a0e-1e54-4816-bb19-3807711d9f91,2017-10-05,ACTED,Kunduz,Aliabad,large,well_function_busy,26,95,73,52,700,750
099b4aaa-f613-48a2-bd6e-07f395e131ba,2017-10-10,ACTED,Baghlan,Pul_e_khumri,large,well_function_busy,25,83,80,50,3000,4000
65b541ad-1395-44f7-ba29-62172a9bd891,2017-10-10,ACTED,Baghlan,Pul_e_khumri,large,well_function_busy,24,82,89,50,3000,4000
0cde0965-db3b-42f5-b7aa-06db77f5f74b,2017-10-10,ACTED,Baghlan,Pul_e_khumri,large,well_function_busy,25,88,100,50,3000,4000
36c95115-29a4-4619-b1de-b06fa28eb569,2017-10-11,NRC,Hirat,Hirat,large,well_function_busy,23,50,65,45,2500,10000
751b9c34-651a-4242-ac8f-d897b82cd3e0,2017-10-11,NRC,Hirat,Hirat,large,well_function_busy,22,50,64,45,2500,6000
eac18a28-5176-402d-8ace-5de9d1989fb9,2017-10-11,NRC,Hirat,Hirat,large,well_function_busy,22,50,64,45,2500,8000
fbace162-e16b-4516-9f48-1a30f10919aa,2017-10-11,NRC,Sar_e_Pul,Sar_e_Pul,medium,well_function_busy,27,75,80,50,1000,3000
d576422e-79b9-4916-8ac5-7a2c42fb428d,2017-10-11,NRC,Sar_e_Pul,Sar_e_Pul,medium,well_function_busy,28,77,80,50,1000,3500
9ea960d0-e708-40e1-a7b0-152fd92775ea,2017-10-11,NRC,Sar_e_Pul,Sar_e_Pul,medium,well_function_busy,30,80,85,50,1500,3000
0503b277-fcfc-4016-a66e-9b9fdc3dbbed,2017-10-12,NRC,Farah,Farah,medium,moderate_function,29,78,68,52,2000,5000
09e03870-28c1-436f-bd32-22d556c49cb3,2017-10-12,DRC,Farah,Farah,medium,moderate_function,30,80,75,52,2500,5000
0d1877cd-4c3f-41c1-b2db-06d100276367,2017-10-12,DRC,Farah,Farah,small,moderate_function,30,79,74,51,3000,6000
08fc132c-8dba-438b-b816-068155f3c03c,2017-10-12,PIN,Balkh,Mazar_e_Sharif,large,well_function_busy,25,85,75,60,1500,5000
32129204-a63e-4aaf-97a8-edc05ed484a4,2017-10-12,PIN,Balkh,Mazar_e_Sharif,large,well_function_busy,26,82,75,60,2000,6000
9185939e-3dad-4511-b918-0049d2e7667b,2017-10-12,PIN,Balkh,Mazar_e_Sharif,large,well_function_busy,25,86,75,60,1500,6000
b4289300-d607-456f-bb93-a72f91906765,2017-10-12,NRC,Kunduz,Kunduz,large,well_function_busy,23,50,64,50,2000,3500
9070ab8d-ea69-484c-9bc1-ad77a75d85ff,2017-10-12,NRC,Kunduz,Kunduz,large,well_function_busy,24,51,65,50,1500,2500
847d1dcf-fb14-406c-aed6-aafe9cff20ec,2017-10-12,NRC,Kunduz,Kunduz,large,well_function_busy,23,50,64,50,2500,3500
e477caee-e279-467c-a087-f1036bc563b7,2017-10-13,NRC,Badghis,Abkamari,small,well_function_busy,35,85,80,55,1500,3000
8a6cb347-0cac-4bb9-b5f2-d37bfb09618d,2017-10-13,NRC,Badghis,Abkamari,small,well_function_busy,35,80,75,55,1200,2000
01dc9bea-e9ca-45c4-956d-efa696ba9779,2017-10-13,NRC,Badghis,Abkamari,small,well_function_busy,38,90,85,60,1000,4000
63030d91-be18-40c3-81ce-78590ef0cb97,2017-10-17,NRC,Zabul,Qalat,large,well_function_busy,23,52,68,54,800,1000
069ce52a-3526-45d4-a105-a73550476f4e,2017-10-17,NRC,Zabul,Qalat,large,well_function_busy,23,51,66,52,900,1100
6b0bb54e-f776-4c6e-ab70-00c26a6d845c,2017-10-17,NRC,Zabul,Qalat,large,well_function_busy,22,53,67,50,1000,1200
59daa2f8-1bf3-47e7-bb43-96b22a704728,2017-10-18,NRC,Badghis,Qala_e_Naw,small,well_function_busy,32,75,70,50,1500,5000
fa0474ba-e002-492f-b117-a601088c03fe,2017-10-18,NRC,Badghis,Qala_e_Naw,small,well_function_busy,32,70,70,50,1000,4000
33dda9a3-3598-4ed4-806a-97bdb90bf0eb,2017-10-18,NRC,Badghis,Qala_e_Naw,small,well_function_busy,32,80,70,50,1500,3000
73b9474b-9e1c-4a6d-9af2-4deaae9af0c8,2017-10-18,ACTED,Kunduz,Emam_saheb,large,well_function_busy,25,95,75,50,600,650
1db15e00-7037-498e-9d79-ae7e812394cb,2017-10-18,ACTED,Kunduz,Emam_saheb,large,well_function_busy,25,76,87,51,2000,2000
4ebdc6bc-30e4-4dba-bf48-4a0b144f712c,2017-10-18,ACTED,Kunduz,Emam_saheb,large,well_function_busy,30,90,100,51,10000,20000
9236ae1f-2f8a-4569-905b-6e07de8817b4,2017-10-23,NRC,Hirat,Hirat,large,well_function_busy,20,50,60,55,1000,1800
8da7c456-76ad-42e9-a911-d5418bd682b0,2017-10-23,NRC,Hirat,Hirat,large,well_function_busy,25,53,66,55,2000,2500
e886da8f-12ba-4480-9753-ddecec7e6428,2017-10-23,NRC,Hirat,Hirat,large,well_function_busy,23,50,64,50,1000,2000
5cae545f-2d2e-4b04-8d4f-58f4321d2e7c,2017-10-28,NRC,Uruzgan,Tirinkot,large,moderate_function,30,67,75,50,1500,5000
ab28bce0-9069-46a4-88fb-f92cc9bc6dce,2017-10-29,DRC,Farah,Farah,medium,moderate_function,30,81,75,52,2500,5500
b7a59d51-5473-430d-ba3f-3a2e319d2a51,2017-10-29,DRC,Farah,Farah,large,well_function_busy,30,82,77,52,3000,6000
373d51f8-8829-428b-933f-bec6cbc9057f,2017-10-29,DRC,Farah,Farah,medium,well_function_busy,28,80,75,51,3000,8000
95f747f2-9f4b-4047-8db4-800be0f9fef2,2017-10-29,NRC,Kandahar,Kandahar,large,well_function_busy,23,51,66,50,1000,2000
fb144334-5faf-4404-b183-9f42c569e332,2017-10-29,NRC,Kandahar,Kandahar,large,well_function_busy,22,52,68,51,1200,1800
daf47bcb-488f-48ed-964c-fc339b1d9939,2017-10-29,NRC,Kandahar,Kandahar,large,well_function_busy,23,50,66,52,1000,2000
3cad5fb3-96cd-4664-9be7-fbab1d6e7b3e,2017-10-29,NRC,Uruzgan,Tirinkot,large,moderate_function,31,67,74,50,1400,4500
4a4502bc-bc0b-4d2b-94ff-8dab45c2e392,2017-10-29,NRC,Uruzgan,Tirinkot,medium,moderate_function,30,66,74,50,1500,4500
6be29858-3bf3-44ce-8ed9-17185a245758,2017-11-01,ACTED,Badakhshan,Keshm,small,well_function_busy,25,92,85,50,1500,1500
229b93a3-bc8b-4a01-9f09-72976e41fef3,2017-11-01,ACTED,Badakhshan,Keshm,small,well_function_busy,24,80,80,50,1500,1500
02a290b0-50e3-4c40-b469-44fc697b05ac,2017-11-01,ACTED,Badakhshan,Keshm,small,well_function_busy,30,92,84,50,1600,1600
73e5d42d-e04d-4d1d-ba1b-6014be534100,2017-11-02,NRC,Badghis,Qala_e_Naw,small,well_function_busy,32,62,70,50,800,3000
ec4c3f92-4c19-4fb5-8ee1-a94f3196ab0e,2017-11-02,NRC,Badghis,Qala_e_Naw,small,well_function_busy,32,59,70,50,1000,4000
f75d6884-d42f-49c2-a1cb-252624fe2b2e,2017-11-02,NRC,Badghis,Qala_e_Naw,small,well_function_busy,32,61,70,50,1000,5000
c393da37-d0a8-48d2-926f-00dccdfe5728,2017-11-02,ACTED,Kunduz,Emam_saheb,large,well_function_busy,25,95,70,50,600,650
dad81119-3670-4887-8d9e-0e28727d5a7a,2017-11-02,ACTED,Kunduz,Emam_saheb,medium,well_function_busy,26,98,75,50,650,700
2b280769-2239-4661-9537-899df1b0c1e7,2017-11-02,ACTED,Kunduz,Emam_saheb,large,well_function_busy,27,96,71,51,700,750
55679918-70f0-4499-871f-5ee526c933fa,2017-11-02,NRC,Kunduz,Kunduz,large,well_function_busy,23,50,64,50,2000,3500
46d88d22-33c1-4e03-a615-abec8e3b64b2,2017-11-02,NRC,Kunduz,Kunduz,large,well_function_busy,22,50,64,50,1500,3000
61f53f2f-faeb-41b0-9c5e-707086a0effd,2017-11-02,NRC,Kunduz,Kunduz,large,well_function_busy,21,50,64,50,2000,3500
dea971bb-c9b0-45c4-acd3-c03b0548a783,2017-11-05,NRC,Hirat,Hirat,large,well_function_busy,23,50,63,50,1500,2000
d8be5d6a-598a-495f-a2d2-c49de9970267,2017-11-05,NRC,Hirat,Hirat,large,well_function_busy,24,54,65,54,2000,3000
5a763f63-2e79-4546-8129-f4a6652d2756,2017-11-06,DRC,Farah,Farah,small,well_function_busy,29,85,78,52,2000,7000
142a2953-a36d-4b32-8cd1-f0de221f8d12,2017-11-06,DRC,Farah,Farah,medium,moderate_function,30,85,80,53,2500,8000
17d77b7c-0de8-446e-8d25-6ff874349158,2017-11-06,DRC,Farah,Farah,medium,moderate_function,30,84,74,52,2000,5500
f784bd9e-54ae-4c1e-bfaf-246c5fcc6150,2017-11-07,ACF,Hilmand,Lashkargah,large,well_function_busy,27,79,62,50,2000,6000
ba72dc37-a255-4698-9ca1-7691c242a5aa,2017-11-07,ACF,Hilmand,Lashkargah,large,well_function_busy,28,82,65,50,2500,7000
9447fa00-e77b-481c-83cd-3102b871884c,2017-11-07,ACF,Hilmand,Lashkargah,large,well_function_busy,28,81,61,50,2000,6500
e7337375-2648-47ae-a6f7-36d507cef995,2017-11-08,PIN,Jawzjan,Shiberghan,large,well_function_busy,26,85,75,55,1000,4000
f350fee8-d1cb-466c-a6a7-8830a79d8082,2017-11-08,PIN,Jawzjan,Shiberghan,large,well_function_busy,25,80,77,55,1500,5000
d05ecd72-5f1b-4c1b-9b2e-8e81a876429f,2017-11-08,PIN,Jawzjan,Shiberghan,large,well_function_busy,25,80,75,55,1000,4500
e80084d0-d22e-49e5-b976-b4deb439abf0,2017-11-08,PIN,Jawzjan,Shiberghan,large,well_function_busy,25,85,73,55,1500,5000
f9abff68-0aec-4d95-8df6-095a6799c367,2017-11-08,PIN,Jawzjan,Shiberghan,large,well_function_busy,26,80,73,55,1500,5000
bb4fc744-5527-4ebd-802b-747ac0d13488,2017-11-08,PIN,Jawzjan,Shiberghan,large,well_function_busy,25,85,74,55,1000,4000
54c6f3a3-3b60-4752-b8c3-472065e14d61,2017-11-08,NRC,Kandahar,Kandahar,large,well_function_busy,26,84,80,51,1000,1500
9001adfd-df57-469a-8675-f7f6bab40117,2017-11-09,NRC,Kandahar,Kandahar,large,well_function_busy,27,51,65,50,3500,3500
866defdc-c0a0-4ef9-869a-294ac7d8971f,2017-11-09,NRC,Kandahar,Kandahar,large,well_function_busy,26,53,67,50,4000,3400
64f3ae41-d67e-44b5-8762-f0d1fa6d5fff,2017-11-09,ACTED,Faryab,Maymana,large,well_function_busy,27,90,75,50,1500,4000
d35097c9-5955-4fda-b160-8173aeaa09f4,2017-11-09,ACTED,Faryab,Maymana,large,well_function_busy,26,85,74,50,2000,5000
be5d23e6-44c4-4883-a427-352864b1f211,2017-11-09,ACTED,Faryab,Maymana,large,well_function_busy,27,88,75,50,1000,7000
de30bddf-1caa-4611-bf4d-60442862fcaa,2017-11-09,PIN,Samangan,Aybak,large,well_function_busy,30,65,80,50,2000,2500
454f2193-6dda-4174-96fb-58e2a6c5f7a3,2017-11-09,PIN,Samangan,Aybak,large,well_function_busy,32,63,80,50,2300,2600
7f64597d-d6f9-4fdb-9910-6efec7a49670,2017-11-09,PIN,Samangan,Aybak,large,well_function_busy,34,70,78,50,1800,2400
83261e82-b087-4234-b6ce-1b94b29fd97c,2017-11-11,ACF,Daykundi,Nili,large,well_function_busy,30,80,80,50,1500,4000
fef3fd74-2bd2-43d0-a480-c2a6f0c0b73a,2017-11-11,ACF,Daykundi,Nili,large,well_function_busy,30,85,82,50,800,5000
89ad2fec-3061-4364-8715-c2453acb387f,2017-11-11,ACF,Daykundi,Nili,large,well_function_busy,30,85,80,50,1000,5000
ed28ca10-9fb3-4bee-82da-72449f7698e7,2017-11-12,ACF,Ghor,Feroz_Koh,large,well_function_busy,28,80,68,50,1500,5000
23289598-bc89-47bd-9421-6fdfe2620a1c,2017-11-12,ACF,Ghor,Feroz_Koh,large,well_function_busy,30,90,80,50,1500,4500
9b0f18a4-1671-4b15-9560-38a2d90664e2,2017-11-12,ACF,Ghor,Feroz_Koh,small,well_function_busy,29,85,70,50,1000,5000
c0da4c52-26aa-4c6b-9733-ab486a178ded,2017-11-13,NRC,Sar_e_Pul,Sar_e_Pul,medium,well_function_busy,28,75,82,50,500,3000
786890f7-fe97-46ca-a03e-dcfa77ecb5e9,2017-11-13,NRC,Sar_e_Pul,Sar_e_Pul,medium,well_function_busy,28,80,82,50,1000,3000
fece7a5c-09db-4f1c-bd26-85d78a542396,2017-11-13,NRC,Sar_e_Pul,Sar_e_Pul,medium,well_function_busy,30,85,86,50,800,3500
664f7bb8-5b76-4b47-9f79-a55d70c4be7f,2017-11-14,PIN,Logar,Mohammad_Agha,large,well_function_busy,25,81,86,50,6000,12000
3fbefa3c-c387-47ff-a167-e11d21c9dda4,2017-11-14,PIN,Logar,Mohammad_Agha,large,well_function_busy,26,82,87,50,5000,10000
7acb45db-7fe6-4ff3-9692-ee88f2fd7db0,2017-11-14,PIN,Logar,Mohammad_Agha,large,well_function_busy,25,81,87,50,6000,10000
d1f6d866-c4b6-4155-a155-0fc7d5f759e4,2017-11-14,NRC,Sar_e_Pul,Sar_e_Pul,medium,well_function_busy,28,77,85,50,500,3000
df1a109d-00e7-48e2-8c07-e95f13a08793,2017-11-14,NRC,Sar_e_Pul,Sar_e_Pul,medium,well_function_busy,30,82,87,50,1000,3500
24e69634-2890-4e65-b4da-12b720f9e40d,2017-11-14,NRC,Sar_e_Pul,Sar_e_Pul,medium,well_function_busy,30,85,85,50,1000,3000
64d9770d-9388-4308-9239-3d39e19b6b5d,2017-11-14,NRC,Hirat,Hirat,large,well_function_busy,23,50,63,50,1500,2000
f1e54462-a5e4-4612-b398-220d618914ca,2017-11-14,NRC,Hirat,Hirat,large,well_function_busy,24,65,54,52,1700,2500
43a311c8-848f-4e83-b658-55920b8007e0,2017-11-14,NRC,Hirat,Hirat,large,well_function_busy,21,61,50,50,1200,1500
f7fdb4ee-614c-4ac0-a0fb-c094f6271b6b,2017-11-15,NRC,Nangarhar,Khogyani,medium,moderate_function,26,74,67,55,1500,4500
9cdef0b4-9f5e-4c58-ac1a-e37b6d81929f,2017-11-15,NRC,Nangarhar,Khogyani,medium,moderate_function,26,74,68,54,1500,4500
14431689-c223-4c92-94e8-8e9145e2f12f,2017-11-15,NRC,Nangarhar,Khogyani,medium,moderate_function,26,72,68,55,1500,4500
d731faf5-9c30-4807-80f4-412e21d621e0,2017-11-15,NRC,Nangarhar,Khogyani,medium,moderate_function,26,76,66,50,1200,3000
0ce8ed69-2f7b-4b83-839b-8e1f99f570c6,2017-11-15,NRC,Nangarhar,Khogyani,medium,moderate_function,26,78,65,50,1500,4500
47640013-8248-4b16-ae0d-b90a25365794,2017-11-15,NRC,Nangarhar,Khogyani,medium,moderate_function,25,78,66,50,1000,3000
b54d899c-6286-449c-8bce-8651a317032c,2017-11-19,NRC,Kunduz,Kunduz,large,well_function_busy,24,52,80,50,1250,2600
0ea629f3-f92e-484e-93dd-9e66eb24e24c,2017-11-19,NRC,Kunduz,Kunduz,large,well_function_busy,23,58,80,50,1200,2400
9f6f276d-8644-498e-a532-028bb596853b,2017-11-19,NRC,Kunduz,Kunduz,large,well_function_busy,23,50,80,50,1500,2800
4013e382-57d2-401c-90ce-0f7356a43286,2017-11-19,NRC,Kandahar,Zheray,large,well_function_busy,28,90,82,50,900,1100
7cfa1bfc-e4d7-48d6-bb35-174ac8797d51,2017-11-19,NRC,Kandahar,Zheray,large,well_function_busy,27,85,79,50,1000,1100
c1a7d202-75c6-44bc-86d0-7e035bc06c1d,2017-11-19,NRC,Kandahar,Zheray,large,well_function_busy,26,84,80,50,900,1000
c272c490-e2a7-42a2-acd8-2f377f80ed10,2017-11-20,NRC,Kandahar,Spinboldak,large,well_function_busy,28,83,91,50,800,1000
a8e3cc4f-55a3-4d6c-8d79-8b35c516cb29,2017-11-20,NRC,Kandahar,Spinboldak,large,well_function_busy,28,83,91,50,700,950
9c0c31d7-c7b4-46e4-a2eb-42a021b65112,2017-11-20,NRC,Kandahar,Spinboldak,large,well_function_busy,28,83,92,51,800,1000
042f9ad0-9d3f-406e-bc62-13fd7f59a4f1,2017-11-20,NRC,Badghis,Qala_e_Naw,small,well_function_busy,32,61,70,50,1500,3000
b798b781-6063-4c13-b88f-9ba7f14cc49f,2017-11-20,NRC,Badghis,Qala_e_Naw,small,well_function_busy,32,59,70,50,2000,3500
4d7d6433-37d9-4ceb-b6f1-b37a3b0b9533,2017-11-20,NRC,Badghis,Qala_e_Naw,small,well_function_busy,32,62,70,50,1200,2500
7a9b7135-5c12-40af-9ebd-d2fd5160a0db,2017-11-20,ACTED,Baghlan,Pul_e_khumri,large,well_function_busy,25,90,88,50,3000,5000
34ed2928-e291-4791-a91e-b02dd9977607,2017-11-20,ACTED,Baghlan,Pul_e_khumri,large,well_function_busy,24,82,85,50,3500,4500
2c652b9f-8c0d-4239-878a-a354e016ae0a,2017-11-20,ACTED,Baghlan,Pul_e_khumri,large,well_function_busy,27,83,103,50,3500,4000
408cff27-ac4e-4a58-8ac3-1e545831941b,2017-11-21,PIN,Balkh,Mazar_e_Sharif,large,well_function_busy,24,60,85,50,3000,3800
3fbe5883-7aa4-4d61-a889-60f85168d2b0,2017-11-21,PIN,Balkh,Mazar_e_Sharif,large,well_function_busy,25,65,84,50,3500,4000
27103165-dbd5-4ef7-ac92-398650746006,2017-11-21,PIN,Balkh,Mazar_e_Sharif,large,well_function_busy,24,58,75,50,3200,3600
fe8561e1-2770-4cdd-a463-a117c7fa285f,2017-11-21,PIN,Balkh,Mazar_e_Sharif,large,well_function_busy,25,65,80,50,2800,3000
e936a1a9-6c9f-43bd-bed4-4bfaef30e69b,2017-11-21,DRC,Farah,Farah,medium,moderate_function,29,85,75,52,3000,6000
c1256684-2f5b-475b-8df8-6c0c5b82d1db,2017-11-21,DRC,Farah,Farah,medium,moderate_function,29,84,76,52,2500,7000
5bd8ef71-1cfa-4522-9c9e-c43a38addc3d,2017-11-21,DRC,Farah,Farah,medium,well_function_busy,31,83,78,52,3000,8000
aafad143-ac88-4f1e-97ec-8c476d9bbdbc,2017-11-22,PIN,Samangan,Aybak,large,well_function_busy,26,85,75,52,1500,5000
c61eaf5e-d1aa-485f-bd1a-b343ee173dcc,2017-11-22,PIN,Samangan,Aybak,large,well_function_busy,27,82,76,53,2000,6000
a6d0bea7-6a7b-4658-b05d-1dd1e4c1af5c,2017-11-22,PIN,Samangan,Aybak,large,well_function_busy,27,88,77,53,2000,5000
1e348d6c-bb7f-4692-9191-c5a6a695ab7c,2017-11-22,PIN,Samangan,Aybak,large,well_function_busy,26,80,72,53,1500,4500
1de302e0-db61-4700-a926-ed1e10032734,2017-11-22,PIN,Samangan,Aybak,large,well_function_busy,25,84,75,52,2000,5000
cfbfab87-83aa-4c66-bae4-463b4e01b09d,2017-11-22,ACTED,Badakhshan,Fayzabad,large,well_function_busy,28,96,82,50,1500,2000
f6d76c6e-6911-4aef-be77-8499b333bdab,2017-11-22,ACTED,Badakhshan,Fayzabad,large,well_function_busy,29,98,84,50,1600,200
b4d497da-40d4-4f0a-a88c-6f991b0d5c74,2017-11-22,ACTED,Badakhshan,Fayzabad,large,well_function_busy,30,95,83,50,2000,2000
68a4f4b8-a657-45d4-9281-84f7dac7eda3,2017-11-22,ACTED,Kunduz,Emam_saheb,large,well_function_busy,26,100,90,50,2000,3000
77dc93cf-8a9b-4f3b-a021-de8ac563d1d3,2017-11-22,ACTED,Kunduz,Emam_saheb,large,well_function_busy,24,98,85,50,1500,2500
39047f6b-6bfb-4449-b25f-e820161b5f9e,2017-11-22,ACTED,Kunduz,Emam_saheb,large,well_function_busy,25,99,88,50,2000,3000
4b38ce99-c06d-4a09-a451-fdc17bd981a2,2017-11-23,ACTED,Faryab,Maymana,large,well_function_busy,25,79,75,50,2000,5000
585af8bf-cf30-4a89-8674-675471875aef,2017-11-23,ACTED,Faryab,Maymana,large,well_function_busy,24,84,69,50,1500,6000
7dd41ef7-5c24-4840-916a-f51edd414698,2017-11-23,ACTED,Faryab,Maymana,large,well_function_busy,25,85,75,50,1500,6500
06b259a0-24c0-475f-b486-d4c605971f6d,2017-11-23,ACTED,Faryab,Maymana,large,well_function_busy,25,85,77,50,2000,5000
99f7b4c1-1791-4e9f-a377-eaf139ebb5cf,2017-11-25,DRC,Kapisa,Mahmud_e_Raqi,large,well_function_busy,24,78,95,50,500,3500
7870659f-36b8-4b30-b79a-ae27b6d7c98b,2017-11-25,DRC,Kapisa,Hisa_e_Duwum_e_Kohestan,large,well_function_busy,23,75,100,50,500,3000
efc99a9e-2c8f-4614-a0b2-b2c43acfb43d,2017-11-27,PIN,Logar,Pul_e_Alam,large,well_function_busy,26,82,87,50,5000,12000
a731d43d-e98b-44cf-9ffb-817c63a04293,2017-11-28,PIN,Logar,Pul_e_Alam,small,well_function_busy,26,82,87,50,6000,10000
c8c142f3-f1c2-44c7-aa1b-7e5ac342b7c9,2017-11-28,PIN,Logar,Pul_e_Alam,small,well_function_busy,27,83,88,50,5000,11000
2a9dff76-6ad5-4d66-a8df-e88f4e9b0b37,2017-11-28,DRC,Farah,Farah,large,well_function_busy,29,78,74,50,3500,8000
91dfac88-5b9a-4fc9-915b-23745aab1ab0,2017-11-28,DRC,Farah,Farah,large,well_function_busy,29,78,75,50,4000,7500
9ef85a90-b43b-4fb3-9255-aff41c3d4941,2017-11-28,DRC,Farah,Farah,large,well_function_busy,28,80,76,50,3000,7000
e88a36a5-c049-4317-bb0f-a06dc943e9c8,2017-11-28,ACF,Ghor,Feroz_Koh,small,well_function_busy,27,85,70,50,1000,5000
6fa53402-1b73-46c8-a8c1-48b6be16e553,2017-11-28,ACF,Ghor,Feroz_Koh,small,well_function_busy,28,90,68,50,1200,6000
58b30247-92b9-4867-8c4c-df2735d527b8,2017-11-28,ACF,Ghor,Feroz_Koh,small,well_function_busy,29,85,67,50,1000,5500
64936a9a-6d65-4b83-9d6d-d9103d846493,2017-12-04,ACTED,Kunduz,Dasht_e_Archi,medium,well_function_busy,26,95,75,50,400,450
0bc3565f-f1d4-4845-b757-4ef36c086d31,2017-12-04,ACTED,Kunduz,Dasht_e_Archi,small,well_function_busy,25,76,87,52,1000,1000
3578e15b-160c-43de-864a-d9c6498471be,2017-12-04,ACTED,Kunduz,Dasht_e_Archi,large,well_function_busy,26,76,88,52,800,1000
5ffa70ec-f584-4fa6-ad27-486be2114968,2017-12-04,NRC,Kunduz,Kunduz,large,well_function_busy,24,50,75,50,2000,3000
59fd3bc6-ba32-45bd-96be-081eda2db192,2017-12-04,NRC,Kunduz,Kunduz,large,well_function_busy,24,50,80,50,1800,2500
90b99cea-4b23-475b-a9f1-3b8b5f5cbd1b,2017-12-04,NRC,Kunduz,Kunduz,large,well_function_busy,22,54,80,50,2000,2500
b689b6dd-c1b6-4d89-b9f8-affcc1b3fd9c,2017-12-05,ACF,Nimroz,Zaranj,large,well_function_busy,28,60,75,51,4000,12000
00920588-2aa4-49bd-9f87-d175270a7077,2017-12-05,ACF,Nimroz,Zaranj,large,well_function_busy,27,65,80,50,3000,8000
24c0246e-b8bd-4f5e-93cd-05a456fa8fae,2017-12-05,ACF,Nimroz,Zaranj,large,well_function_busy,27,60,80,50,4000,11000
36888e45-ed2f-40ee-a196-ea2d80934d25,2017-12-06,DRC,Parwan,Bagram,large,well_function_busy,25,90,90,48,,
50ca8453-a331-4360-9d37-b0ff0355813c,2017-12-07,PIN,Jawzjan,Shiberghan,large,well_function_busy,23,62,79,50,500,2500
915b6f3c-f8a9-43e9-88d0-a7308eb8402c,2017-12-07,PIN,Jawzjan,Shiberghan,large,well_function_busy,24,64,77,50,400,3000
53df47d3-bf81-41bd-ac8c-e9d58fbfd330,2017-12-07,PIN,Jawzjan,Shiberghan,large,well_function_busy,23,65,80,50,500,2500
60f0e789-32e4-40fd-b301-6904061d33bc,2017-12-07,PIN,Jawzjan,Shiberghan,large,well_function_busy,24,55,75,50,500,2500
54e7d03e-08e9-4083-b1e7-fe3ed90f4029,2017-12-07,PIN,Jawzjan,Shiberghan,large,well_function_busy,23,63,76,50,350,2000
06591625-12cd-4763-b924-2a78916de336,2017-12-10,ACTED,Faryab,Maymana,large,well_function_busy,26,88,76,50,1500,6000
358f2879-2140-4e4d-98fd-c2db2dedf9da,2017-12-10,ACTED,Faryab,Maymana,large,well_function_busy,25,88,74,50,2000,6500
77e57d68-94b7-44ee-9aa2-60d1d8f16d2f,2017-12-10,NRC,Badghis,Qala_e_Naw,small,well_function_busy,32,62,70,50,1500,3000
559df4c8-1c80-4754-a5e2-7464a03901d8,2017-12-10,NRC,Badghis,Qala_e_Naw,small,well_function_busy,32,60,70,50,1200,2500
c62d64c5-12bd-4d47-9006-4b16c7c2b5cb,2017-12-10,NRC,Badghis,Qala_e_Naw,small,well_function_busy,32,62,70,50,1000,3000
516abea3-e72c-4ea5-a0fd-fb28d5cb0e1b,2017-12-11,DRC,Farah,Farah,medium,moderate_function,26,82,67,42,2500,6000
9ca3e780-74c8-447f-b3fa-796f2e508505,2017-12-11,DRC,Farah,Farah,medium,moderate_function,27,82,68,44,2500,6500
baec91a9-2a60-475a-b9e1-b9d8986d33f9,2017-12-11,DRC,Farah,Farah,medium,moderate_function,27,84,68,42,3000,7000
5f7af3fa-1171-4554-9d8f-eb4512046d05,2017-12-13,NRC,Kandahar,Kandahar,large,well_function_busy,26,50,60,50,800,1500
e5f9f0c7-579f-4691-8786-9dd372372b23,2017-12-13,NRC,Kandahar,Kandahar,large,well_function_busy,26,52,61,50,850,1200
50a03145-25d3-4860-8d7e-ac532af2a707,2017-12-13,NRC,Kandahar,Kandahar,large,well_function_busy,26,52,60,50,900,1200
e76f5041-d187-4c91-97f7-136a425fee14,2017-12-13,NRC,Nangarhar,Jalalabad,large,well_function_busy,25,76,65,50,3000,5500
02766a35-abf5-4171-ba35-d6c6773c29ce,2017-12-13,NRC,Nangarhar,Jalalabad,large,well_function_busy,25,75,67,50,3000,5500
db8603bd-8a87-4ac1-9963-2ce0f9381260,2017-12-13,NRC,Nangarhar,Jalalabad,large,well_function_busy,25,77,69,50,3000,5500
97a06570-b814-4e90-a409-29526cd18288,2017-12-13,ACF,Ghor,Feroz_Koh,large,well_function_busy,30,90,70,50,300,3500
30f18b71-ab35-43a7-8467-2194a79276eb,2017-12-13,ACF,Ghor,Feroz_Koh,large,well_function_busy,32,90,72,50,500,4000
42f6db73-45b6-4915-aaa6-637bc38067ec,2017-12-13,ACF,Ghor,Feroz_Koh,large,well_function_busy,30,87,70,50,400,3000
5231ccb8-5ebe-4025-b168-3466437c80b5,2017-12-17,ACTED,Badakhshan,Fayzabad,large,well_function_busy,30,91,90,50,1800,2000
b6fa3c3e-affc-48d3-b528-c1ba601d1d55,2017-12-17,ACTED,Badakhshan,Fayzabad,large,well_function_busy,28,95,84,50,2000,2500
84560867-503a-4377-8949-01bfc7ca9da9,2017-12-17,ACTED,Badakhshan,Fayzabad,large,well_function_busy,26,92,82,50,2000,2500
2b2d50c4-c7fe-483f-84f2-af3bce899a0f,2017-12-17,DRC,Ghazni,Ghazni,large,well_function_busy,26,80,85,46,600,3000
b5bf5767-5975-4594-9e45-392e33008851,2017-12-19,ACTED,Baghlan,Nahrin,large,well_function_busy,24,89,80,50,1000,1000
58f0fc8e-6818-4a03-9ece-79c9aefa9df6,2017-12-19,ACTED,Baghlan,Nahrin,large,well_function_busy,25,91,91,51,1200,1200
f11416f8-20d6-4397-a757-f0f028487440,2017-12-19,ACTED,Baghlan,Nahrin,large,well_function_busy,25,92,91,50,1200,1200
c62a405c-5891-4f0e-85cd-af95915ddd82,2017-12-19,NRC,Sar_e_Pul,Sancharak,medium,well_function_busy,23,50,70,50,2000,2000
f71a8c41-09d4-40c6-90e3-e09ca5703858,2017-12-19,NRC,Sar_e_Pul,Sancharak,medium,well_function_busy,30,50,80,50,2500,2000
dd6e57dd-c3bb-4ffc-afc3-5461a1ebb0e4,2017-12-19,NRC,Sar_e_Pul,Sancharak,medium,well_function_busy,25,50,70,50,2000,1000
71503f40-357e-4fc2-abed-8f845a47cb1a,2017-12-20,ACF,Hilmand,Lashkargah,large,well_function_busy,29,94,65,50,1000,7000
28d854d7-afd2-4091-bcaa-4b8f7016bcb5,2017-12-20,ACF,Hilmand,Lashkargah,large,well_function_busy,29,94,60,50,1000,7000
2899a6e9-2502-40e3-b423-5a8a2e1949fd,2017-12-20,ACF,Hilmand,Lashkargah,medium,well_function_busy,29,95,66,50,1000,10000
c0b414a4-27b6-4cee-acfb-7d5b89d52627,2017-12-20,NRC,Badghis,Qala_e_Naw,small,well_function_busy,32,61,70,50,1000,3000
57c8a2ce-83ed-44d7-b690-4bb27d948f47,2017-12-20,NRC,Badghis,Qala_e_Naw,small,well_function_busy,32,62,70,50,1500,2500
bb144c7d-f690-418d-85d7-be2b510b4572,2017-12-20,NRC,Badghis,Qala_e_Naw,small,well_function_busy,32,59,70,50,1500,3500
6522cbf5-b5b1-41c8-9903-7da749456dcc,2017-12-23,DRC,Laghman,Mehtarlam,large,well_function_busy,25,80,69,47,4000,1000
4b0e8c0d-21f0-4aa4-b50e-8a674f98756e,2017-12-24,NRC,Balkh,Mazar_e_Sharif,small,well_function_busy,30,70,75,45,1000,12000
78bf4637-c136-4926-aaf5-74c8aa220dd2,2017-12-24,NRC,Balkh,Mazar_e_Sharif,small,well_function_busy,28,62,72,45,1000,15000
68c76a35-64d1-48e4-8886-c64c19d03536,2017-12-24,NRC,Balkh,Mazar_e_Sharif,small,well_function_busy,26,90,65,45,2000,10000
1200ea26-45f4-4552-acb6-13d22a7161af,2017-12-24,DRC,Laghman,Mehtarlam,large,well_function_busy,24,79,67,47,2000,6000
7a7d7461-6e87-44ab-81a7-17b2a15774ee,2017-12-24,DRC,Laghman,Mehtarlam,large,well_function_busy,23,78,68,47,2000,6000
f5f92600-4c4d-4a3a-87a8-a000e8e6e1ac,2017-12-24,DRC,Laghman,Mehtarlam,large,well_function_busy,24,79,67,47,1000,10000
f673f320-b6f5-4c97-8591-cdd877e9687f,2017-12-24,DRC,Laghman,Mehtarlam,large,well_function_busy,23,78,68,47,1200,5000
ac269e78-84b0-4cf2-bb9e-56b3aee2ec8d,2017-12-24,DRC,Laghman,Mehtarlam,large,well_function_busy,25,80,69,47,1000,4000
edc2fabd-8272-4788-808a-382f9c6fae8f,2017-12-25,PIN,Balkh,Mazar_e_Sharif,large,well_function_busy,24,65,78,50,300,8000
9d8e17ec-62d1-4928-afdc-0d45564b5dbc,2017-12-25,PIN,Balkh,Mazar_e_Sharif,large,well_function_busy,23,63,80,50,350,7000
fe954d16-e19b-42ea-a285-57930e28c912,2017-12-25,PIN,Balkh,Mazar_e_Sharif,large,well_function_busy,25,67,77,50,400,6000
b325b567-977b-47ec-bee3-1b07ccf5173f,2017-12-25,PIN,Balkh,Mazar_e_Sharif,large,well_function_busy,24,66,79,50,350,10000
2ce8b661-afc9-4a7f-acbf-94037a231800,2017-12-25,PIN,Balkh,Mazar_e_Sharif,large,well_function_busy,25,63,80,50,300,9000
cf7d09e1-679a-4ad7-902c-5c46e3b19c47,2017-12-25,DRC,Farah,Farah,medium,moderate_function,27,83,68,43,3000,8500
452d13aa-2ada-47a6-8a81-fedd4c35e866,2017-12-25,DRC,Farah,Farah,medium,moderate_function,28,84,67,42,3000,9000
ba2f7d57-5d01-4c36-a0f4-591c4e2b8f25,2017-12-25,DRC,Farah,Farah,medium,moderate_function,28,84,67,42,3000,9000
2d8fbb5e-5ab9-4e6c-8198-a86e2d81c441,2017-12-25,DRC,Farah,Farah,medium,moderate_function,26,82,67,42,2500,8000
8072aa19-580f-4d84-8bff-f4cf96ca4398,2017-12-25,NRC,Kunduz,Kunduz,large,well_function_busy,24,52,82,48,1500,2000
02b0388c-f3c4-4636-b602-8a021e27abc8,2017-12-25,NRC,Kunduz,Kunduz,large,well_function_busy,24,52,84,48,1200,2000
6ecb449c-87eb-4225-97c2-aa038035b47f,2017-12-25,NRC,Sar_e_Pul,Sar_e_Pul,medium,well_function_busy,26,65,75,50,2000,2500
e2720bc2-b233-494b-8470-c7ef7577f4d3,2017-12-25,NRC,Sar_e_Pul,Sar_e_Pul,medium,well_function_busy,25,66,75,50,2500,3000
04748f42-7ca2-4ce9-a11c-cc8328ede173,2017-12-25,NRC,Sar_e_Pul,Sar_e_Pul,medium,well_function_busy,28,80,80,50,2000,3000
a2eef323-28a7-40f3-a850-c9f8693f7375,2017-12-26,ACTED,Faryab,Maymana,medium,well_function_busy,26,77,94,50,3000,6000
fd5daa62-3110-4862-b3ea-b218f6bec37f,2017-12-26,NRC,Kunduz,Kunduz,large,well_function_busy,24,53,84,48,1800,2500
1559ceac-c4c6-459c-ad4c-358b73b3ec56,2017-12-27,NRC,Kandahar,Kandahar,large,well_function_busy,26,58,63,46,4000,3500
d6fae5b5-296c-4826-a90b-c484ac4c3110,2017-12-27,NRC,Kandahar,Kandahar,medium,well_function_busy,26,57,63,46,2000,1800
27547a15-7ffd-42c5-abae-edc425fb42a9,2017-12-27,NRC,Kandahar,Kandahar,medium,well_function_busy,26,56,63,46,1500,1500
07065646-16ec-43be-abe0-2dcb8d962388,2017-12-28,ACTED,Faryab,Maymana,large,moderate_function,25,92,77,50,2500,6000
f5d26551-e5ef-40ab-925e-eeededbcec8a,2017-12-28,DRC,Nangarhar,Jalalabad,large,well_function_busy,26,82,71,40,3000,8000
38befaf1-7b4f-430a-9f8c-099406f486a8,2017-12-31,PIN,Logar,Pul_e_Alam,large,well_function_busy,29,90,78,50,6000,12000
4a2ba7ac-7010-452d-a541-d25491754b7b,2017-12-31,PIN,Logar,Pul_e_Alam,large,well_function_busy,28,92,94,50,7000,12000
a42e7083-ca9e-4188-880f-701b777faf4d,2017-12-31,PIN,Logar,Pul_e_Alam,large,well_function_busy,29,92,79,50,5000,10000
bba6ac6b-b7cf-4ffc-aa82-291fec75c2ba,2017-12-31,DRC,Farah,Farah,medium,moderate_function,28,84,68,43,3000,6000
5a19274c-b9ab-4d94-b223-b78d329f844a,2017-12-31,DRC,Farah,Farah,medium,moderate_function,27,82,67,42,2500,6500
a04969e1-b3f4-4b8b-83ee-077542c9b911,2017-12-31,DRC,Farah,Farah,medium,moderate_function,26,82,67,42,2000,6500
6a1c9db5-0765-462e-bc81-29871ef26308,2018-01-02,DRC,Kabul,Kabul,large,well_function_busy,25,90,90,48,1000,3000
922c8274-bb37-45ce-bbbe-dcb0d58a2bd3,2018-01-03,NRC,Kandahar,Zheray,medium,well_function_busy,27,50,65,47,800,800
679fa4bd-8fe7-4111-a7f5-6c31b9fb1212,2018-01-03,NRC,Kandahar,Zheray,medium,well_function_busy,26,51,64,48,800,800
4fea6bf1-71b5-4460-877d-ef7907012b4c,2018-01-03,NRC,Kandahar,Zheray,medium,well_function_busy,26,52,63,49,900,900
3b31b009-990d-482c-8070-7f47613f2b7d,2018-01-04,PIN,Paktya,Gardez,large,well_function_busy,27,94,80,46,6000,10000
a9e1311c-aba0-487b-b4ca-d216c1ada4bf,2018-01-04,PIN,Paktya,Gardez,large,well_function_busy,28,95,81,45,5000,11000
b30a786b-e276-4d0c-9634-0b718e7f7293,2018-01-04,PIN,Paktya,Gardez,large,well_function_busy,26,95,81,46,6000,12000
48aa8961-2916-44f2-9e39-ad60ebf2ee50,2018-01-07,ACTED,Kunduz,Dasht_e_Archi,large,well_function_busy,25,85,70,50,600,650
bb52ae10-9001-42e9-9901-d6548bd845ce,2018-01-07,ACTED,Kunduz,Dasht_e_Archi,large,well_function_busy,26,88,75,51,550,600
4233b63e-028b-4f62-af63-a9a04dadfd46,2018-01-07,ACTED,Kunduz,Dasht_e_Archi,large,well_function_busy,27,90,77,51,600,650
00892be5-e015-4a25-9013-b9fe13706f3a,2018-01-07,ACTED,Kunduz,Emam_saheb,large,well_function_busy,25,91,90,52,1500,1000
cffae1ef-0726-4d68-a873-74099bc4b2a6,2018-01-07,ACTED,Kunduz,Emam_saheb,large,well_function_busy,25,90,90,50,1000,1500
0783d30a-0407-478a-ba3f-ea5af81c77e4,2018-01-07,ACTED,Kunduz,Emam_saheb,large,well_function_busy,25,90,91,50,1500,1200
3758d7c5-5980-4677-b967-3b87435435f6,2018-01-07,NRC,Balkh,Mazar_e_Sharif,medium,moderate_function,27,50,70,50,3000,15000
6831e3ac-e32c-4738-b48d-dc0b8f2e6b88,2018-01-07,NRC,Balkh,Mazar_e_Sharif,large,well_function_busy,25,45,68,46,2000,18000
1b9ad8af-5627-488e-a355-d98cb8c8f822,2018-01-07,NRC,Balkh,Mazar_e_Sharif,medium,moderate_function,30,55,70,50,2000,15000
11072677-2e1f-4707-ae86-52eb6d01eb03,2018-01-07,PIN,Jawzjan,Shiberghan,large,well_function_busy,28,100,85,48,5000,10000
0b90766e-652e-4215-a980-6804329d3590,2018-01-07,PIN,Jawzjan,Shiberghan,large,well_function_busy,26,100,84,48,2000,3000
ec4ff3ef-9595-436c-85bd-cac5b023f5d3,2018-01-07,PIN,Jawzjan,Shiberghan,large,well_function_busy,27,100,84,48,3000,3500
23f7a7a8-aacd-41b6-ba9e-bbcac01299b1,2018-01-08,NRC,Hirat,Hirat,large,well_function_busy,24,54,74,50,1400,1800
a2dfc432-64f0-4364-94d1-f4ac9c38646b,2018-01-08,NRC,Hirat,Hirat,large,well_function_busy,25,55,75,51,1500,2000
ba12de47-1d4d-489a-9ba5-2bdace426e99,2018-01-08,NRC,Hirat,Hirat,large,well_function_busy,26,57,77,51,1000,2000
f09ed413-deca-4319-93de-8dbcf22c99ac,2018-01-10,NRC,Kunduz,Kunduz,large,well_function_busy,24,53,82,46,1500,2000
686bcc56-1ec5-47ee-bd35-e2b4b2d47f6a,2018-01-11,ACTED,Baghlan,Pul_e_khumri,large,well_function_busy,25,97,90,50,2500,3000
009265d3-bcbe-4660-9ee5-99756f0fae6b,2018-01-11,ACTED,Baghlan,Pul_e_khumri,large,well_function_busy,24,100,91,50,2000,2500
4f9e1192-a1a6-42bf-92b6-bbe281129069,2018-01-11,ACTED,Baghlan,Pul_e_khumri,large,well_function_busy,24,100,93,50,2500,3000
7e069dbe-deee-448e-8390-ce961b93b761,2018-01-11,NRC,Kunduz,Kunduz,large,well_function_busy,24,52,84,46,1250,2000
09fba892-b25a-42b9-9b7a-96358ad90393,2018-01-11,NRC,Kunduz,Kunduz,large,well_function_busy,24,54,82,46,1800,3000
db09182f-e530-4078-9bf2-dda17aa7f16e,2018-01-14,DRC,Farah,Farah,medium,moderate_function,28,84,69,43,3000,5000
323a6da2-fb97-4af4-aa6c-9701b5130d3d,2018-01-14,DRC,Farah,Farah,medium,well_function_busy,28,83,68,43,3000,7000
8f98e4da-63b5-42d2-921e-ebf8e7dc57f5,2018-01-14,DRC,Farah,Farah,medium,moderate_function,29,83,70,43,3000,6000
b638723b-efec-48cf-a8f6-178f5b4f8242,2018-01-15,NRC,Badghis,Qala_e_Naw,small,well_function_busy,30,110,80,52,1000,3000
bccc0095-8b03-4828-9a8e-ba2c13b0c543,2018-01-15,NRC,Badghis,Qala_e_Naw,small,well_function_busy,32,90,75,52,800,2500
959831ca-2b5b-4e3a-95c8-ace3af13921e,2018-01-15,NRC,Badghis,Qala_e_Naw,small,well_function_busy,32,80,70,55,500,2000
5ff1783c-566b-4316-aa53-00a8fc283804,2018-01-15,NRC,Hirat,Hirat,large,well_function_busy,24,54,74,50,2000,2500
a2018a52-c115-47b3-ab35-8e769cb09c46,2018-01-15,NRC,Hirat,Hirat,large,well_function_busy,25,55,75,51,2000,2400
4e41fdf3-b801-4012-b7a1-67a8d0bfc266,2018-01-15,NRC,Hirat,Hirat,large,well_function_busy,26,57,77,50,1500,2000
f2e815c1-c778-458d-aecc-0b75a9de2711,2018-01-16,NRC,Badghis,Qala_e_Naw,small,well_function_busy,32,62,70,50,1000,3000
2ac5071b-e8dd-49f0-a954-156dcbae6346,2018-01-16,NRC,Badghis,Qala_e_Naw,small,well_function_busy,32,61,70,52,1500,3000
b342fbf5-759a-43e5-a883-8680c4637962,2018-01-16,NRC,Badghis,Qala_e_Naw,small,well_function_busy,32,64,70,50,1000,2000
84cd62db-8fc0-43e3-b6f1-2617582ce341,2018-01-16,NRC,Uruzgan,Tirinkot,large,well_function_busy,27,50,73,50,1500,3000
63939ce5-49e5-49d2-9a8c-7a1fb63bec37,2018-01-16,NRC,Uruzgan,Tirinkot,large,moderate_function,27,50,74,50,1400,2800
5afc6352-c7ae-4440-9ce8-ca08d7b1541e,2018-01-16,NRC,Uruzgan,Tirinkot,large,moderate_function,28,50,73,50,1400,2900
6154359d-f465-4edd-ac28-2702eec91df1,2018-01-17,ACTED,Kunduz,Dasht_e_Archi,large,moderate_function,30,80,90,50,1000,2000
2b42d7e2-3c55-425e-8591-4a1fcd20df5e,2018-01-17,ACTED,Kunduz,Dasht_e_Archi,large,well_function_busy,30,90,90,50,1000,2000
d8f673b6-d55c-4f47-9fe3-c8f1847d27f7,2018-01-17,ACTED,Kunduz,Dasht_e_Archi,large,well_function_busy,32,95,85,50,1000,2500
a9dd35b7-8f1a-48cc-afab-d329798838aa,2018-01-17,ACTED,Takhar,Taloqan,large,well_function_busy,24,80,75,50,2000,5000
1f90397e-cea4-489a-b4cb-476a5abd2139,2018-01-17,ACTED,Takhar,Taloqan,large,well_function_busy,23,50,80,50,4000,8000
1117ed0c-9cb3-4dbd-8e07-fb7ed4a6d442,2018-01-17,ACTED,Takhar,Taloqan,large,well_function_busy,22,42,84,50,4000,7000
07192e46-04d6-4226-a136-c2d423402bc6,2018-01-18,ACTED,Badakhshan,Fayzabad,medium,well_function_busy,26,109,86,50,1500,2500
856fef6c-c583-4abe-8fe8-009882043708,2018-01-18,ACTED,Badakhshan,Fayzabad,medium,well_function_busy,26,105,88,50,1500,2400
fa854746-1d38-4c87-9209-2151f86e7e0f,2018-01-18,ACTED,Badakhshan,Fayzabad,medium,well_function_busy,25,105,90,50,1600,2500
c24f0c48-3a3f-4a58-b38b-df8600fe9740,2018-01-20,ACF,Daykundi,Nili,large,well_function_busy,31,100,80,60,1500,5000
0ff5ca67-6bb4-4214-a692-c6fcf95870c0,2018-01-20,ACF,Daykundi,Nili,large,well_function_busy,32,90,79,60,2000,6000
208cdbba-fc2e-463b-ba9e-15f72ea5e1ce,2018-01-20,ACF,Daykundi,Nili,large,well_function_busy,33,99,75,60,2000,5000
a0e57f70-2756-4438-a528-a8b6718e1666,2018-01-21,ACF,Hilmand,Nawa_e_Barakzaiy,medium,well_function_busy,29,100,75,42,1500,2500
cf9b5c5f-0f96-4801-ab64-a7f3afc833c4,2018-01-21,ACF,Hilmand,Nawa_e_Barakzaiy,medium,well_function_busy,30,100,70,42,2000,3500
afe8b506-fcc4-4f57-95e0-31b0c66263d9,2018-01-21,ACF,Hilmand,Nawa_e_Barakzaiy,medium,well_function_busy,29,100,67,42,1500,3000
ea0db8bf-c3b8-47a8-a2ce-dde1eb2326d6,2018-01-21,ACF,Hilmand,Lashkargah,medium,well_function_busy,29,100,73,42,2000,5000
da966cf4-daf3-4d59-a6d5-ff8e812ba2fe,2018-01-21,ACF,Hilmand,Lashkargah,medium,well_function_busy,29,95,70,42,2000,5000
2fd762be-2317-4187-8d50-99fdcc0d6ce2,2018-01-21,ACF,Hilmand,Lashkargah,medium,well_function_busy,29,110,63,42,3000,5000
b16fd1d5-b23f-429e-9119-27c7321d06e4,2018-01-21,PIN,Balkh,Mazar_e_Sharif,large,well_function_busy,24,94,80,99,2000,3000
2039443e-8ad8-447f-9e0e-b579f6700844,2018-01-21,PIN,Balkh,Mazar_e_Sharif,large,well_function_busy,25,96,80,50,2300,3200
30e3516f-4fb4-45ea-a91b-289f2251c82b,2018-01-21,PIN,Balkh,Mazar_e_Sharif,large,well_function_busy,26,92,85,50,2800,3500
026c3fa4-8b6c-4e9e-9fde-c7eaa70439cd,2018-01-21,PIN,Balkh,Mazar_e_Sharif,large,well_function_busy,24,95,82,50,1800,2300
a957b774-5f3a-45f0-8016-7d10372320ed,2018-01-22,NRC,Sar_e_Pul,Sar_e_Pul,medium,well_function_busy,25,67,76,48,1000,2500
d4c465a9-23df-4ddf-b285-1c48ba9e4bd6,2018-01-22,NRC,Sar_e_Pul,Sar_e_Pul,medium,well_function_busy,25,68,76,47,1500,3000
5918cc2d-8f81-48d3-8988-ce2506b3a5b1,2018-01-22,NRC,Sar_e_Pul,Sar_e_Pul,medium,well_function_busy,26,81,82,47,1000,2500
8dbbc6e6-b803-4722-9079-91f19a53e6fc,2018-01-23,NRC,Kunduz,Kunduz,large,well_function_busy,23,50,81,49,1500,2000
0864949d-2588-4329-ba24-1293bc0475e4,2018-01-23,NRC,Kunduz,Kunduz,large,well_function_busy,22,49,82,49,2000,2500
d071c93b-952d-4e69-a51b-0fc51ee3268a,2018-01-23,NRC,Kunduz,Kunduz,large,well_function_busy,23,50,84,49,1800,2500
b1bc9a94-0223-4b65-a0a4-7127a228f7ab,2018-01-28,DRC,Farah,Farah,medium,moderate_function,28,84,69,43,3000,8000
8eecf01d-61c0-4c49-81ed-a8e36c63921b,2018-01-28,DRC,Farah,Farah,medium,moderate_function,27,82,67,43,3500,7500
e0378182-bfc9-4efc-821b-622fefb79944,2018-01-28,DRC,Farah,Farah,medium,moderate_function,26,82,67,43,2500,9000
7d76c647-d0c9-4d60-8eb0-2b9262ceccaf,2018-01-29,PUI,Kunar,Chawkay,large,well_function_busy,24,80,79,49,600,850
7790378a-d836-4ccf-a619-da0bc9805bbd,2018-01-29,PUI,Kunar,Chawkay,large,well_function_busy,24,80,79,49,600,850
5cdec12d-1ff1-4f49-b203-35d4ca4dc580,2018-01-29,PUI,Kunar,Chawkay,large,well_function_busy,23,80,79,49,600,850
8d70bc66-4837-4b3c-a3e6-0e6ac697d4f6,2018-01-29,NRC,Sar_e_Pul,Sar_e_Pul,medium,well_function_busy,26,67,75,47,1500,2500
d2fe95fc-0813-4663-a0a8-7ef60c61d52c,2018-01-29,NRC,Sar_e_Pul,Sar_e_Pul,medium,well_function_busy,27,65,72,47,1000,3000
f0174dcd-fb83-4725-a61d-bf5f6ff9b8ae,2018-01-29,NRC,Sar_e_Pul,Sar_e_Pul,medium,well_function_busy,25,75,80,47,1000,3000
1606bbda-1a5e-47d8-8211-990a8a019e41,2018-01-29,DRC,Laghman,Mehtarlam,large,well_function_busy,24,81,70,44,3000,6000
dcd68326-8e7f-4a55-b9c9-525c75982e88,2018-01-30,DRC,Laghman,Mehtarlam,large,well_function_busy,25,83,72,46,3000,1000
24c1c4b9-a7f8-429c-ba8a-5a6d07cc26bb,2018-01-31,ACTED,Faryab,Almar,large,moderate_function,25,84,68,50,1000,2000
de9aeab0-8a62-4f21-8e6c-c1f956779566,2018-01-31,ACTED,Faryab,Almar,large,moderate_function,25,85,69,50,1000,2000
35d80c5e-4038-4c0a-b25c-b1d91c6b0024,2018-01-31,ACTED,Faryab,Almar,large,moderate_function,26,88,69,50,800,1800
5b294144-75d0-4c39-9c73-5303eddaa1a8,2018-01-31,DRC,Kabul,Kabul,large,well_function_busy,23,100,90,45,1000,1500
14a31948-51c1-4f43-859c-652438711ba5,2018-02-04,ACTED,Faryab,Andkhoy,large,moderate_function,23,69,78,50,2500,5000
f68d16af-d1ae-49d3-a992-e95fae23609a,2018-02-04,ACTED,Faryab,Andkhoy,large,moderate_function,23,70,77,50,3000,6000
e719b93a-2486-42ee-afa3-98bce8a27748,2018-02-04,ACTED,Faryab,Andkhoy,large,well_function_busy,23,71,78,50,2500,6000
1f623b83-10fd-4ba7-b3d5-84d93ef9aca3,2018-02-04,DRC,Farah,Farah,medium,moderate_function,26,83,68,43,2500,8000
a3dfc584-324f-4796-a46d-07ce18f5e4e8,2018-02-04,DRC,Farah,Farah,medium,moderate_function,26,84,69,43,3000,9000
734bc563-b629-4e2f-9a3f-ba394b88408e,2018-02-04,DRC,Farah,Farah,medium,moderate_function,27,81,69,43,3000,7000
4e409564-a64f-4897-872c-6b9076dc0808,2018-02-05,PUI,Kunar,Chawkay,large,well_function_busy,23,87,65,50,500,700
1284be9b-8e98-4f10-b8e5-683b6f4d3533,2018-02-05,PUI,Kunar,Chawkay,large,well_function_busy,23,87,65,50,500,750
082ec46b-0bab-4b11-8b44-48141a692da5,2018-02-05,PUI,Kunar,Chawkay,large,well_function_busy,23,87,65,50,600,700
314488ef-874a-4d6d-b88a-7d2533e86db9,2018-02-06,ACF,Hilmand,Lashkargah,medium,well_function_busy,29,92,70,50,2100,3000
a00dd3f2-5a47-42a9-8e30-2ef066190e30,2018-02-06,ACF,Hilmand,Lashkargah,medium,well_function_busy,29,100,75,50,2000,4000
74b3c774-d705-48ab-8692-bb0a7217a174,2018-02-06,ACF,Hilmand,Lashkargah,medium,well_function_busy,30,100,77,50,2000,3000
c902ff39-b102-4977-a82d-8059d237e541,2018-02-06,ACTED,Kunduz,Emam_saheb,large,well_function_busy,25,95,90,51,1500,5000
6578d520-e7f1-47bf-b2b3-08198fe59b0b,2018-02-06,ACTED,Kunduz,Emam_saheb,large,well_function_busy,25,95,95,50,1000,5000
6a20c13e-3fe0-4cf6-b779-d3f95ce37264,2018-02-06,ACTED,Kunduz,Emam_saheb,large,well_function_busy,23,92,95,52,1500,6000
11d18083-f32e-4667-9fcf-223a1455e677,2018-02-07,NRC,Kunduz,Kunduz,large,well_function_busy,22,49,82,49,1500,2000
4feaa6d9-1568-4465-a197-e09d64d660ed,2018-02-07,NRC,Kunduz,Kunduz,large,well_function_busy,23,50,80,49,2000,2500
7f7dd0ca-658a-4aff-a009-eabdd5766ede,2018-02-07,NRC,Kunduz,Kunduz,large,well_function_busy,24,50,86,49,2000,2800
263628aa-dbe1-405b-a697-1e383c1b3caf,2018-02-11,ACTED,Baghlan,Pul_e_khumri,large,well_function_busy,23,100,85,50,2500,3000
d37021ce-6fa2-42c9-b07d-36a030d6251f,2018-02-11,ACTED,Baghlan,Pul_e_khumri,large,well_function_busy,25,100,85,50,3000,3500
50da74cb-54f4-4637-ba4a-7ed226de4eed,2018-02-11,ACTED,Baghlan,Pul_e_khumri,large,well_function_busy,24,100,85,52,3000,4000
c1fcbdfe-7fba-4f4b-8459-b84035b36b9a,2018-02-11,NRC,Uruzgan,Tirinkot,large,moderate_function,26,50,67,50,3000,6000
22c9e3b2-c505-4807-9cd6-79ae23c5c503,2018-02-12,DRC,Farah,Farah,medium,moderate_function,27,83,68,43,3000,7500
aed5e6c1-3cae-476f-9077-722f242b063d,2018-02-12,DRC,Farah,Farah,medium,moderate_function,28,83,69,43,4000,10000
87f46e82-1733-4e29-9b74-0f0d10814814,2018-02-12,DRC,Farah,Farah,medium,moderate_function,27,82,67,43,3500,8000
c7620d39-e832-4d19-95d3-5bc9fa0ee7f4,2018-02-13,ACTED,Kunduz,Kunduz,large,well_function_busy,26,91,70,50,500,550
d3994ac2-7ac4-4ef6-be14-e2e039eb2985,2018-02-13,ACTED,Kunduz,Kunduz,large,well_function_busy,27,95,69,51,400,450
98a709b4-ca6f-4975-95fb-135a2abc750b,2018-02-13,ACTED,Kunduz,Kunduz,large,well_function_busy,25,100,68,50,600,650
eb2d3cbc-3d33-4c0e-8941-2308805ebaf8,2018-02-13,PIN,Jawzjan,Shiberghan,large,well_function_busy,25,85,75,46,1000,4000
0d878b5c-c7bb-47e3-963e-bed183b0e72f,2018-02-13,PIN,Jawzjan,Shiberghan,large,well_function_busy,24,80,75,45,800,4500
3da7cdc1-c336-4fe3-8e1e-eaaca0ef8db0,2018-02-13,PIN,Jawzjan,Shiberghan,large,well_function_busy,25,85,75,46,800,3000
b63aef67-5bdc-4738-8f12-abfc8b503a11,2018-02-13,PIN,Jawzjan,Shiberghan,large,well_function_busy,25,88,75,45,1000,4000
8456d37b-fbe1-4850-9603-72f9b924c271,2018-02-13,PIN,Jawzjan,Shiberghan,large,well_function_busy,24,87,80,46,1000,5000
b643cb12-37a2-45eb-aa8b-2a70defee464,2018-02-18,PIN,Samangan,Aybak,large,well_function_busy,23,97,70,46,2000,8000
fbb96de5-8666-4a57-876c-d408ebd4eb5c,2018-02-18,PIN,Samangan,Aybak,large,well_function_busy,24,100,75,46,2500,9000
f90b4949-f35c-46e4-b889-11fb84ca82aa,2018-02-18,PIN,Samangan,Aybak,large,well_function_busy,23,100,76,46,2500,9000
26f2b37a-dfd0-4fe8-9905-18247041acce,2018-02-19,ACTED,Faryab,Maymana,large,well_function_busy,25,105,77,50,2000,5000
c305b5f1-8bb2-49aa-a8d2-0bdbb84b4f88,2018-02-19,ACTED,Faryab,Maymana,large,well_function_busy,24,106,78,50,1800,4500
88e1f1d1-6160-4b1b-bc46-b7b19c718467,2018-02-19,ACTED,Faryab,Maymana,large,well_function_busy,24,105,78,50,2000,6000
cb2ae5a8-34d8-4069-9374-3d24c1c32b52,2018-02-19,DRC,Laghman,Mehtarlam,large,well_function_busy,24,83,69,44,3000,7000
1d789244-5000-46ba-ad6b-819770acf4cd,2018-02-19,DRC,Laghman,Mehtarlam,large,well_function_busy,81,26,70,43,2500,6500
d081155b-efad-4203-9b60-68b6577c3b85,2018-02-19,DRC,Laghman,Mehtarlam,large,well_function_busy,25,82,71,45,2500,10000
df74fdb5-f49b-4ab3-a8a0-d8ec7901e0c6,2018-02-19,NRC,Sar_e_Pul,Sar_e_Pul,medium,well_function_busy,27,65,72,47,1500,3000
2bb8fdff-06c6-4977-9bd3-a3a823cffedd,2018-02-19,NRC,Sar_e_Pul,Sar_e_Pul,medium,well_function_busy,26,75,80,47,1000,2000
0577b530-0d7e-430f-8505-97cf88751412,2018-02-19,NRC,Sar_e_Pul,Sar_e_Pul,medium,well_function_busy,26,67,75,47,1000,2500
027eb517-168f-4c05-91a4-fdcfe3a7a00a,2018-02-20,ACTED,Badakhshan,Fayzabad,large,well_function_busy,24,92,80,50,2000,3000
3de22a69-4b70-4a21-88e4-0d9441ae5cb8,2018-02-20,ACTED,Badakhshan,Fayzabad,large,well_function_busy,26,100,80,50,2500,3000
4faa24c4-670f-45de-9c54-1ceb5a88e2d1,2018-02-20,ACTED,Badakhshan,Fayzabad,large,well_function_busy,26,100,80,50,2000,3500
6d74a17e-9fa6-49dd-aa41-025806b498fd,2018-02-20,ACTED,Badakhshan,Fayzabad,large,well_function_busy,25,95,80,50,3000,3500
87cd092c-b7d4-4561-a2e2-093b2e92aa7a,2018-02-20,ACTED,Badakhshan,Fayzabad,large,well_function_busy,25,95,80,50,2000,2500
1cc53572-6815-44dc-bde5-c02f0e82cc3b,2018-02-21,NRC,Nangarhar,Jalalabad,large,well_function_busy,24,87,65,65,3000,5000
e0a341f2-c3e3-4be4-9a5b-43856df627ff,2018-02-21,NRC,Nangarhar,Jalalabad,large,well_function_busy,24,97,64,64,3000,5000
29f9a0f3-9fe7-4ead-89c1-7386397e8b6d,2018-02-21,NRC,Nangarhar,Jalalabad,large,well_function_busy,24,100,66,65,3500,5500
cf916109-7674-46b0-985d-e1b74e3952ea,2018-02-21,NRC,Nangarhar,Kuz_Kunar,large,well_function_busy,25,85,67,67,2500,5000
74e3b9bd-a79e-4871-a7ff-5665259d963a,2018-02-21,NRC,Nangarhar,Kuz_Kunar,large,well_function_busy,25,85,67,67,2500,5000
2b016602-2cb5-4fd4-bc7b-5bf03ce6d375,2018-02-21,NRC,Nangarhar,Kuz_Kunar,large,well_function_busy,25,90,67,67,2500,5000
9b1ec473-730f-49cf-9cfc-f59a384e4bcd,2018-02-21,ACTED,Kunduz,Aliabad,large,well_function_busy,28,95,80,50,800,5000
0f096f59-884b-44a6-9e21-1036c4785247,2018-02-21,ACTED,Kunduz,Aliabad,large,well_function_busy,27,95,70,50,500,550
62ad18bb-c8ae-4e59-baec-cd7b4a08b434,2018-02-21,ACTED,Badakhshan,Fayzabad,large,well_function_busy,28,98,84,50,3000,3500
b713cf2e-737b-4293-92f0-74a50a18a65d,2018-02-21,ACTED,Badakhshan,Fayzabad,large,well_function_busy,26,95,82,50,3000,3500
4072625c-a6b0-4fc5-a095-d4c53e888d09,2018-02-21,ACTED,Badakhshan,Fayzabad,large,well_function_busy,28,100,80,50,3000,3500
c88e8495-8068-476a-ae11-4ec699617769,2018-02-25,DRC,Farah,Farah,medium,moderate_function,27,90,68,43,3000,8000
a4eb9c9f-fb06-420d-9c19-c0277e75cae5,2018-02-25,DRC,Farah,Farah,medium,moderate_function,27,92,68,43,2500,6000
01b688aa-43dd-4834-a618-64de0b47c2a5,2018-02-25,DRC,Farah,Farah,medium,moderate_function,26,90,69,43,3500,7500
93860b71-e1ed-45b9-9f1b-ad0a4a716550,2018-02-25,DRC,Laghman,Mehtarlam,large,well_function_busy,24,84,68,44,3000,8000
bb34fbf1-55c0-42b6-9fa0-88bcf7656e2e,2018-02-25,DRC,Laghman,Mehtarlam,large,well_function_busy,26,82,69,43,2500,7500
d96722a7-52fa-4470-b053-fb602ab23c31,2018-02-25,DRC,Laghman,Mehtarlam,large,well_function_busy,25,83,70,46,2000,8000
ed121860-a8a9-44e1-845f-99982990dafb,2018-03-01,PIN,Samangan,Aybak,large,well_function_busy,24,100,76,46,2000,8500
81f32d8d-8392-44e4-aa09-624d3c07a679,2018-03-01,PIN,Samangan,Aybak,large,well_function_busy,23,98,72,46,2000,9000
2464d467-35a1-433a-ac6b-db6005bf532a,2018-03-01,PIN,Samangan,Aybak,large,well_function_busy,24,100,77,46,2500,8500
1f3609dd-ea5d-4ac0-a420-649ae149545f,2018-03-04,NRC,Kandahar,Kandahar,large,well_function_busy,26,65,60,47,800,1200
844bc3c7-79c1-4af9-9d07-439a7265f254,2018-03-04,NRC,Kandahar,Kandahar,large,well_function_busy,25,62,60,46,1000,1200
afb8b0e2-8739-4bad-92ea-aaea35803502,2018-03-04,NRC,Kandahar,Kandahar,large,well_function_busy,27,58,59,46,900,1200
6de0c863-874a-4b48-96f5-4718ef4ccb5d,2018-03-06,ACTED,Takhar,Taloqan,large,well_function_busy,24,88,68,50,5000,8000
8d04da5c-9036-4dd0-9607-bd31ded23c23,2018-03-06,ACTED,Takhar,Taloqan,large,well_function_busy,23,86,63,50,4000,7000
9b2c4baa-c66e-4220-9f6f-0330670bab57,2018-03-06,ACTED,Takhar,Taloqan,large,well_function_busy,24,88,67,50,4000,10000
854c9ac4-78fc-42e9-ae83-51230f78776e,2018-03-08,ACTED,Baghlan,Pul_e_khumri,large,well_function_busy,24,100,90,50,3500,4000
23b69e54-0ae4-4372-a2aa-8a2b6d22c8e2,2018-03-08,ACTED,Baghlan,Pul_e_khumri,large,well_function_busy,26,100,94,50,3000,4000
75cba960-f7f3-4f66-8058-385197488fec,2018-03-08,ACTED,Baghlan,Pul_e_khumri,large,well_function_busy,24,96,89,50,3000,4500
d10d61a1-986a-44bc-a47c-7a26cdf5af1f,2018-03-11,NRC,Hirat,Hirat,large,well_function_busy,27,59,80,50,2000,2500
423e6827-2eb1-4722-bf37-2de2862d3ef6,2018-03-11,NRC,Hirat,Hirat,large,well_function_busy,26,75,58,51,2000,2200
da2000a9-9515-4649-8c6b-44a870c912d8,2018-03-11,NRC,Hirat,Hirat,large,well_function_busy,24,55,72,50,1500,2000
f9294387-294e-492f-b3b6-88ece8ecc2d4,2018-03-12,NRC,Sar_e_Pul,Sar_e_Pul,medium,well_function_busy,26,68,75,47,2000,3000
9b1ea687-6cae-432b-bfa6-53f9e378bad5,2018-03-12,NRC,Sar_e_Pul,Sar_e_Pul,medium,well_function_busy,25,70,72,47,2500,3000
067a3ef8-ae9c-4e40-8b53-d2f74ff4c04c,2018-03-12,NRC,Sar_e_Pul,Sar_e_Pul,medium,well_function_busy,28,78,80,47,2500,3000
229ba3f3-156f-4b22-8660-50624e0b43c6,2018-03-13,DRC,Farah,Farah,medium,moderate_function,29,91,70,43,3000,7000
c2390bd5-c8e1-41f8-a4ee-1b2d64a61fd9,2018-03-13,DRC,Farah,Farah,medium,moderate_function,28,90,68,43,3500,6500
2a70dcd7-931b-4c2a-acfe-44e878536ad8,2018-03-13,DRC,Farah,Farah,medium,moderate_function,29,90,68,43,4000,7000
06ea69f2-6631-47e1-80c7-5e85e432bb61,2018-03-13,NRC,Kandahar,Daman,small,moderate_function,50,70,60,43,2500,2500
e881e52d-1b05-4e29-9593-066dbc41920d,2018-03-13,NRC,Kandahar,Daman,small,moderate_function,52,70,63,45,1200,1200
38857c4f-4b7a-47ed-853b-bc310b360a75,2018-03-13,NRC,Kandahar,Daman,small,moderate_function,51,75,62,44,1000,1000
b3af03fc-49bf-413c-b15f-c343d525ad7f,2018-03-15,PIN,Balkh,Mazar_e_Sharif,large,well_function_busy,24,95,80,45,1500,2300
ea2ace5c-c65d-4ee4-9215-432952c844eb,2018-03-15,PIN,Balkh,Mazar_e_Sharif,large,well_function_busy,25,100,78,45,2500,3000
bcbc8930-db9d-428a-80ec-2404fd55b0d7,2018-03-15,PIN,Balkh,Mazar_e_Sharif,large,well_function_busy,25,97,81,45,2200,2800
90bb0165-ca95-4e92-bf68-099498f9d7c0,2018-03-15,DRC,Parwan,Jabalussaraj,large,well_function_busy,25,90,100,44,1000,2000
caac66c0-932b-4b79-92b4-b5083c918bf9,2018-03-20,DRC,Kabul,Kabul,large,well_function_busy,24,90,90,42,1500,2000
82e58376-2fe2-4658-9b70-974db3c1aea6,2018-03-26,PUI,Kunar,Asadabad,large,well_function_busy,27,82,69,50,300,6500
5090d782-c15d-4275-b155-2d45006561e6,2018-03-26,PUI,Kunar,Asadabad,large,well_function_busy,26,82,69,50,2000,6500
cacd2a00-869f-41a6-8f13-5f988a6a4bdb,2018-03-26,PUI,Kunar,Asadabad,large,well_function_busy,25,80,69,50,2500,6000
12479620-05ab-42db-be9c-d76ad7b1d75c,2018-03-26,PUI,Kunar,Asadabad,large,well_function_busy,27,82,69,50,3000,6500
37c5f668-663f-41ec-8dfc-4f094b0448bb,2018-03-26,PUI,Kunar,Asadabad,large,well_function_busy,26,82,69,50,2000,6500
c19f012d-3c5a-4eca-82f3-7971b91c7d9f,2018-03-26,PUI,Kunar,Asadabad,large,well_function_busy,26,80,69,50,2500,6000
283cfcc6-c4de-4280-97a5-2e4c84a47fd9,2018-03-27,PIN,Jawzjan,Shiberghan,large,well_function_busy,25,90,77,46,1000,5000
1fa3a254-215a-4de3-89a2-c37b302076e3,2018-03-27,PIN,Jawzjan,Shiberghan,large,well_function_busy,24,85,77,47,1000,4000
3b1c962c-57dd-473b-ba05-d51fab215433,2018-03-27,PIN,Jawzjan,Shiberghan,large,well_function_busy,25,88,78,47,1500,4000
da2c903a-d4c5-4b79-ad0c-9b42473c8e55,2018-03-27,PIN,Jawzjan,Shiberghan,large,well_function_busy,24,87,77,45,1500,4500
c0bab4b0-8deb-47c4-8847-3f2fe996d4c6,2018-03-27,PIN,Jawzjan,Shiberghan,large,well_function_busy,25,85,77,45,1500,4000
3be63c3f-4f73-4bcc-9b7e-2aef97d34057,2018-03-28,DRC,Kabul,Kabul,large,well_function_busy,23,95,90,42,1500,2000
69c0adf5-08bd-4c17-85f7-1962e3fa871f,2018-03-29,ACTED,Faryab,Andkhoy,large,well_function_busy,23,98,80,50,2000,5000
cdd3d784-ce2e-46db-8dcc-740489899adb,2018-03-29,ACTED,Faryab,Andkhoy,large,well_function_busy,20,88,80,50,3000,6000
c8196828-0d90-4241-8f3c-7996044a335d,2018-03-29,ACTED,Faryab,Andkhoy,large,well_function_busy,22,84,76,50,4000,10000
52633ece-5653-463b-b888-e277300a8800,2018-04-01,DRC,Farah,Farah,medium,moderate_function,27,82,60,40,3000,6500
62e12f67-8c7b-45c0-9f5e-ae1f7773c59d,2018-04-01,DRC,Farah,Farah,medium,moderate_function,26,85,62,41,2500,5000
12b26c6a-067b-4406-be98-838c4519216e,2018-04-01,DRC,Farah,Farah,medium,moderate_function,28,84,60,41,3000,6000
4ff3992a-b61c-487c-a9a5-36a6d9720141,2018-04-04,ACF,Daykundi,Nili,large,well_function_busy,29,75,95,50,1000,2500
8c385129-2edb-4d8f-8a68-43b9642e0a6e,2018-04-04,ACF,Daykundi,Nili,large,well_function_busy,27,77,75,50,1500,5000
2fb40a1a-a0d4-41cb-9977-839ce0290ade,2018-04-04,ACF,Daykundi,Nili,large,well_function_busy,28,55,72,50,1000,3000
7f303070-c6b6-45c7-9c2a-32e9c73e7b8f,2018-04-04,ACTED,Faryab,Maymana,large,well_function_busy,23,84,80,50,1800,5000
228d5cfb-6b09-40e0-b953-df5019cfaea4,2018-04-04,ACTED,Faryab,Maymana,large,well_function_busy,22,90,76,50,1500,4000
c1144c56-e6de-4add-841d-561b9522b18f,2018-04-04,ACTED,Faryab,Maymana,large,well_function_busy,22,92,78,50,3000,6000
e43cea33-1020-4d26-9896-485af3d18eb1,2018-04-04,PIN,Balkh,Mazar_e_Sharif,large,well_function_busy,25,100,80,45,2000,2500
06d5b94e-b7bb-4a76-a77c-de0cdd2c8320,2018-04-04,PIN,Balkh,Mazar_e_Sharif,large,well_function_busy,25,95,85,45,3000,3200
2c177934-c2d9-4d2f-b30a-3e56334875b5,2018-04-04,PIN,Balkh,Mazar_e_Sharif,large,well_function_busy,26,105,80,45,3500,3700
4208c121-3f16-4178-9d34-a143a0146aeb,2018-04-05,DRC,Farah,Farah,medium,moderate_function,28,83,60,41,3000,5500
db41593c-31af-4748-a4f2-39e5f57a0266,2018-04-05,DRC,Farah,Farah,medium,moderate_function,27,84,62,40,3000,7000
193c5e07-ff58-49c7-b72e-b1e38ef54a51,2018-04-05,DRC,Farah,Farah,medium,moderate_function,29,84,62,40,3500,6000
db949003-78dc-4463-bec4-452ab526490d,2018-04-09,ACF,Nimroz,Zaranj,large,well_function_busy,28,60,75,51,3000,10000
3d1850d9-07f7-47d0-9797-ef5f49e3d015,2018-04-09,ACF,Nimroz,Zaranj,large,well_function_busy,27,65,80,50,2500,9000
a8b8ea68-cc57-4e99-becd-b312b2875d85,2018-04-09,ACF,Nimroz,Zaranj,large,well_function_busy,27,60,80,50,2000,10000
d428cc84-365c-4360-b108-fa51c5134f23,2018-04-09,ACTED,Takhar,Khwaja_Bahawuddin,small,moderate_function,28,100,100,50,2000,1000
3fc5ea05-5ff1-4386-8605-b7a4e9fcd21e,2018-04-09,ACTED,Takhar,Khwaja_Bahawuddin,small,well_function_busy,29,95,105,50,2000,1200
b8ad6193-9def-4fbc-8a3b-2760a08f8c69,2018-04-09,ACTED,Takhar,Khwaja_Bahawuddin,small,well_function_busy,25,100,72,50,3000,1500
20107253-97b9-47fa-a106-055ad8aa8f13,2018-04-09,PIN,Paktya,Gardez,small,well_function_busy,25,100,70,45,8000,9000
aa58e401-3bad-4f0c-9b68-e9e9ba0a19e5,2018-04-10,ACTED,Takhar,Taloqan,large,well_function_busy,23,90,80,50,400,10000
33b0dfe2-1fd6-43ad-b01a-dd3725c6af8d,2018-04-10,ACTED,Takhar,Taloqan,large,well_function_busy,25,92,80,50,4000,10000
a0f56cb6-ae3a-4f00-83a1-47ba62c4bcd0,2018-04-10,ACTED,Takhar,Taloqan,large,well_function_busy,25,95,80,50,4000,12000
51a1c27c-67e9-4b69-896d-4d84128179ee,2018-04-10,NRC,Uruzgan,Tirinkot,large,moderate_function,29,50,72,50,1500,3000
9c4df019-7eab-40d0-8327-7b7c015df576,2018-04-10,NRC,Uruzgan,Tirinkot,large,moderate_function,28,50,72,50,1600,3000
e2735092-f96f-42af-b7f9-0c7680393285,2018-04-10,NRC,Uruzgan,Tirinkot,large,moderate_function,28,50,73,50,1500,3100
d85a8152-d4b9-4539-84be-b8babe59efc4,2018-04-11,ACTED,Kunduz,Khanabad,large,well_function_busy,24,91,80,50,1500,2500
b15b9e86-a367-4703-a415-da775d6edd10,2018-04-11,ACTED,Kunduz,Kunduz,large,well_function_busy,27,91,75,50,450,500
49a9ed14-e954-4ce4-a77c-80e397d86a9b,2018-04-11,ACTED,Kunduz,Kunduz,large,well_function_busy,26,92,76,50,500,550
f49309cc-d477-42e7-b936-238be9820b54,2018-04-12,ACTED,Baghlan,Pul_e_khumri,large,well_function_busy,25,90,100,50,3000,4000
20cfaff7-ab30-498c-ba98-a27278352f4d,2018-04-12,ACTED,Baghlan,Pul_e_khumri,large,well_function_busy,23,96,100,50,3000,5000
2dbefa52-e691-4ded-a439-1cc8b5c87159,2018-04-12,ACTED,Baghlan,Pul_e_khumri,large,well_function_busy,26,93,100,50,3000,4000
d531fe2b-eac2-458b-a5e3-b48d890dff68,2018-04-12,ACF,Ghor,Feroz_Koh,large,well_function_busy,28,90,65,50,1000,5000
1b9c09d7-d7cc-4a45-a558-2439999a8711,2018-04-12,ACF,Ghor,Feroz_Koh,large,well_function_busy,29,70,66,50,1000,4500
29f45d2b-d269-4fc3-9ec7-cb4b505732b7,2018-04-12,ACF,Ghor,Feroz_Koh,large,well_function_busy,26,90,68,50,500,4000
1d97ba60-556b-4053-9d50-9c25996b2c7c,2018-04-16,PUI,Kunar,Barkunar,medium,well_function_busy,25,80,70,48,1500,3000
7b059c1f-732c-415f-bc13-095c69bb82ae,2018-04-16,PUI,Kunar,Barkunar,medium,well_function_busy,25,80,70,48,1500,3000
be77d3c4-4ba6-4b92-a2d3-f9b5e7d8a329,2018-04-16,PUI,Kunar,Barkunar,small,well_function_busy,25,80,70,48,1500,3000
360fc6b0-af86-42f1-8701-b70e96d2bafd,2018-04-17,DRC,Ghazni,Ghazni,large,well_function_busy,23,88,100,43,700,1200
6ea1f499-b36d-4648-afd7-35b7bfc6b8a9,2018-04-18,PIN,Jawzjan,Shiberghan,large,well_function_busy,25,90,75,46,1000,4000
3a36e910-75f1-4c98-95df-84ffc649e89f,2018-04-18,PIN,Jawzjan,Shiberghan,large,well_function_busy,24,88,74,46,800,4500
00172975-7ea2-4b6e-a43b-c6a9f8228514,2018-04-18,PIN,Jawzjan,Shiberghan,large,well_function_busy,25,85,76,45,1000,3500
471d30ca-f7b4-4105-b938-82d477202c01,2018-04-19,NRC,Sar_e_Pul,Sar_e_Pul,medium,well_function_busy,23,68,71,50,2000,2500
28dd785a-209d-4097-83e9-f047dd93af87,2018-04-19,NRC,Sar_e_Pul,Sar_e_Pul,medium,well_function_busy,28,80,80,50,1500,3000
869cb549-48d9-41aa-93f8-956a459f0143,2018-04-19,NRC,Sar_e_Pul,Sar_e_Pul,medium,well_function_busy,27,68,75,50,2000,3000
8ad8c8a7-c8f5-4205-99ad-e679c6d3e8e4,2018-04-19,PIN,Balkh,Mazar_e_Sharif,large,well_function_busy,22,100,72,42,1000,9000
7e4fa761-e6b2-4e7d-a97a-462703604b67,2018-04-19,PIN,Balkh,Mazar_e_Sharif,large,well_function_busy,23,99,71,42,500,10000
cd44d807-3067-4ef0-8646-2e0e03b4b516,2018-04-19,PIN,Balkh,Mazar_e_Sharif,large,well_function_busy,22,98,73,42,500,8000
25c604e0-7740-46d3-9bc4-f603f275055d,2018-04-22,DRC,Laghman,Mehtarlam,large,well_function_busy,24,83,69,44,3500,10000
83abec05-8044-41b3-a321-4dd224364696,2018-04-22,DRC,Laghman,Mehtarlam,large,well_function_busy,26,81,70,43,3000,10000
bfab6e44-c71e-4c22-bbe2-f802662d997b,2018-04-22,DRC,Laghman,Mehtarlam,large,well_function_busy,25,82,71,45,3000,12000
e821d182-08d2-4563-b3d0-35a1a1924730,2018-04-23,DRC,Farah,Farah,medium,moderate_function,29,85,61,42,3000,5500
15e73e0f-c496-4584-b8b0-e09a6dcd113f,2018-04-23,DRC,Farah,Farah,medium,moderate_function,27,85,61,42,3000,6000
53aba959-2f7f-42c4-b817-a7fd097fdc36,2018-04-23,DRC,Farah,Farah,medium,moderate_function,28,83,62,42,3500,6500
0994abe3-fd87-4682-86c7-7e606d1f57c8,2018-04-25,NRC,Sar_e_Pul,Sar_e_Pul,medium,well_function_busy,22,64,82,48,1000,2500
fffd57d9-995e-4f4c-99e8-3a81bb4fb53a,2018-04-25,NRC,Sar_e_Pul,Sar_e_Pul,medium,well_function_busy,25,85,80,48,1500,2500
d83872ec-92bf-4a56-b6d2-6764cd86e10c,2018-04-25,NRC,Sar_e_Pul,Sar_e_Pul,medium,well_function_busy,22,68,75,50,1500,3000
